{
  "$schema": "http://json-schema.org/draft-07/schema",
  "$id": "https://github.com/BaiRuic/Notion2Anki2/blob/main/notion2anki_addon/schemas/config_schema.json",
  "type": "object",
  "title": "Notion2Anki config schema",
  "description": "JSON schema for configuration of Notion2Anki add-on.",
  "default": {},
  "definitions": {
    "page_spec": {
      "type": "object",
      "properties": {
        "page_id": {
          "type": "string",
          "title": "Notion page id",
          "description": "32 chars of Notion page id.",
          "default": "",
          "examples": [
            "7253ea1a791547bda6b3604799f000d7"
          ]
        },
        "recursive": {
          "type": "boolean",
          "title": "Recursive export",
          "description": "Page should be exported with all its subpages.",
          "default": false,
          "examples": [
            false
          ]
        },
        "target_deck": {
          "type": "string",
          "title": "Target deck",
          "description": "The target deck is a string attribute that specifies the name of the deck where loaded notes will be added. If multiple page_ids refer to the same target_deck, their corresponding notes will be combined and added to the same target_deck.",
          "default": "",
          "examples": [
            "math"
          ]
        },
        "absolute_update": {
          "type": "boolean",
          "title": "absolute update",
          "description": "If true, the plugin will update the notes in the target deck with the notes from the page. If false, the plugin will only add new notes to the target deck.",
          "default": false,
          "examples": [
            true
          ]
        },
        "incremental_update": {
          "type": "boolean",
          "title": "incremental update",
          "description": "If true, the plugin will only update the notes in the target deck with the notes from the page that have been updated since the last sync. If false, the plugin will update all notes in the target deck with the notes from the page.",
          "default": false,
          "examples": [
            false
          ]
        }
      }
    }
  },
  "examples": [
    {
      "debug": false,
      "sync_every_minutes": 30,
      "notion_token": "<your_notion_token_here>",
      "notion_namespace": "<your_notion_username_here",
      "notion_pages": [
        {
          "page_id": "<page_id1>",
          "recursive": false,
          "target_deck": "<deck_1>",
          "absolute_update": false,
          "incremental_update": false
        },
        {
          "page_id": "<page_id2>",
          "recursive": true,
          "target_deck": "<deck_1>",
          "absolute_update": true,
          "incremental_update": false
        }
      ]
    }
  ],
  "required": [
    "sync_every_minutes",
    "notion_token",
    "notion_namespace",
    "notion_pages"
  ],
  "properties": {
    "debug": {
      "$id": "#/properties/debug",
      "type": "boolean",
      "title": "Debug mode",
      "description": "Enable debug logging. Log can be found unfer plugin directory.",
      "default": false,
      "examples": [
        false
      ]
    },
    "sync_every_minutes": {
      "$id": "#/properties/sync_every_minutes",
      "type": "integer",
      "title": "Synchronization interval in minutes",
      "description": "Synchronization interval in minutes. Set to 0 to disable autosync",
      "default": 30,
      "examples": [
        30
      ]
    },
    "notion_token": {
      "$id": "#/properties/notion_token",
      "type": "string",
      "title": "Notion token v2",
      "description": "Token for Notion API.",
      "default": "",
      "examples": [
        "<your_notion_token_here>"
      ]
    },
    "notion_namespace": {
      "$id": "#/properties/notion_namespace",
      "type": "string",
      "title": "Notion namespace",
      "description": "Notion namespace (your username) to form source URLs.",
      "default": "",
      "examples": [
        "<your_notion_username_here"
      ]
    },
    "notion_pages": {
      "$id": "#/properties/notion_pages",
      "type": "array",
      "title": "Notion pages to export",
      "description": "List of Notion pages to export notes from.",
      "default": [],
      "examples": [
        [
          {
            "page_id": "<page_id1>",
            "recursive": false,
            "target_deck": "<deck_1>",
            "absolute_update": false,
            "incremental_update": false
          },
          {
            "page_id": "<page_id2>",
            "recursive": true,
            "target_deck": "<deck_1>",
            "absolute_update": true,
            "incremental_update": false
          }
        ]
      ],
      "items": {
        "$ref": "#/definitions/page_spec"
      }
    }
  },
  "additionalProperties": true
}